user_id,manager_id,name,email_address,start_date,last_login
1,2,Kenneth Roberts,lmdceas@example.com,2025-Mar-01,2025-03-23 16:54:43 CET
3,4,Ryan Scott,sqazdpllq@test.com,2021-Feb-17,2025-02-27 16:35:22 CET
5,6,John Ramirez,tzeeiil@redacted.io,2020-Jun-19,2025-03-07 17:29:50 CET
6,4,Laura Harris,pabbguo@test.com,2021-Oct-01,2025-02-14 03:48:32 CET
7,2,Sandra Robinson,ouhzczn@demo.net,2024-Mar-21,2025-01-22 06:46:54 CET
2,8,Paul Young,tmvuc@demo.net,2021-Aug-01,2025-03-02 20:19:49 CET
8,2,Anthony Flores,fsmgopbv@sample.org,2021-Sep-02,2025-01-19 11:14:18 CET
9,2,Carol Martinez,fiixjnfegp@example.com,2024-Mar-02,2025-04-07 07:14:09 CET
10,5,Thomas Thomas,vbvdl@sample.org,2023-Nov-19,2025-04-02 14:11:20 CET
4,6,Christopher Green,pjnccuzvnq@test.com,2023-May-15,2025-01-14 06:32:05 CET
11,4,Jennifer Rodriguez,vnfgn@redacted.io,2024-Jan-24,2025-03-13 03:49:48 CET
12,7,Mary Perez,ssphtji@demo.net,2024-Jun-09,2025-01-26 16:37:38 CET
13,3,Brian Lopez,yngapbloy@example.com,2024-Mar-16,2025-01-20 13:18:01 CET
14,8,Richard Hernandez,oebufjl@example.com,2024-Apr-07,2025-03-29 10:43:33 CET
15,3,Michelle Nguyen,fdqdpkcn@test.com,2023-Jul-04,2025-01-22 11:13:36 CET
16,10,Laura Jones,ibswekhc@example.com,2021-May-09,2025-02-05 23:45:08 CET
17,8,Joseph Thompson,dotdideuqq@demo.net,2022-Jun-25,2025-02-10 17:40:09 CET
18,3,Daniel Mitchell,ykphsyfcto@example.com,2020-Nov-04,2025-03-25 10:55:12 CET
19,6,John Taylor,wxtzf@test.com,2020-Jun-11,2025-01-21 23:37:11 CET
16,2,Timothy Baker,frlcvl@sample.org,2021-Mar-20,2025-02-13 03:30:48 CET
17,1,Lisa Lopez,beotuy@redacted.io,2021-Sep-30,2025-01-16 22:54:49 CET
20,1,Betty Campbell,oskxvgaxhf@sample.org,2022-Feb-22,2025-01-14 20:52:17 CET
21,7,Matthew Nguyen,wdzwfusevl@demo.net,2023-Feb-25,2025-04-05 00:12:13 CET
18,1,Donna Taylor,znzfk@example.com,2024-Oct-07,2025-02-10 07:55:05 CET
22,7,Susan Rodriguez,vrcqv@example.com,2021-Aug-11,2025-02-14 16:12:10 CET
23,3,Timothy Martinez,cqnyxp@demo.net,2022-Jul-29,2025-04-04 09:01:24 CET
24,4,James Moore,rabfwj@example.com,2025-Feb-23,2025-04-03 03:59:22 CET
25,2,Kimberly Robinson,weqcqob@redacted.io,2024-Feb-18,2025-03-03 07:47:44 CET
26,4,William Torres,pswhflhm@redacted.io,2023-May-05,2025-03-13 11:40:20 CET
27,1,Christopher Jones,guxyqwgt@sample.org,2024-Aug-10,2025-03-03 13:56:41 CET
28,2,Timothy Garcia,rnrezyrda@demo.net,2024-Aug-26,2025-02-13 23:22:00 CET
29,10,Timothy Robinson,umbrbjedkq@sample.org,2022-Sep-02,2025-02-18 09:15:27 CET
30,10,James Rivera,viteji@demo.net,2024-Jan-26,2025-02-24 05:26:20 CET
31,5,Paul Ramirez,nyjtywtjc@test.com,2022-Jan-25,2025-02-26 11:52:42 CET
32,10,Ryan Robinson,mahonggkb@sample.org,2020-Aug-03,2025-01-09 07:25:45 CET
33,3,Andrew Rodriguez,nnmdi@sample.org,2024-Aug-14,2025-02-11 13:38:01 CET
6,8,Ronald Anderson,gazrfoz@sample.org,2023-Aug-14,2025-03-24 23:32:20 CET
34,10,Andrew Young,kbyzq@test.com,2020-May-18,2025-03-06 18:17:14 CET
35,1,Richard Hall,ypdbeuzhr@example.com,2023-Apr-25,2025-03-05 05:35:55 CET
36,3,Linda Jones,hxknbom@demo.net,2022-Nov-28,2025-03-03 07:49:47 CET
37,6,Brian Martin,nzrqm@sample.org,2021-Feb-06,2025-01-18 07:12:03 CET
38,10,Timothy Sanchez,ltuqijdz@example.com,2025-Jan-14,2025-01-29 02:57:51 CET
39,6,Joseph Williams,jifoxlpmod@test.com,2022-Mar-29,2025-02-16 04:40:30 CET
40,8,Jennifer Taylor,oblvz@demo.net,2023-Dec-15,2025-01-09 03:04:34 CET
41,10,Anthony Flores,laaqqij@redacted.io,2023-Sep-15,2025-04-01 18:47:02 CET
42,1,Emily Wright,yflghildb@example.com,2023-Oct-16,2025-04-03 17:25:13 CET
43,10,Susan Martin,temxfinv@example.com,2025-Mar-04,2025-04-07 04:22:52 CET
38,4,Christopher Hernandez,lbgvfpckz@redacted.io,2024-Dec-18,2025-03-14 20:17:45 CET
44,6,Mark Davis,qpfbfnlsu@demo.net,2024-Jan-24,2025-01-10 17:21:22 CET
45,8,Daniel Garcia,ypjovfl@test.com,2021-Aug-31,2025-03-10 14:02:19 CET
46,3,Susan Miller,cruwb@example.com,2020-Oct-05,2025-01-17 13:57:21 CET
6,4,Joseph Gonzalez,ikzrvidw@demo.net,2023-Aug-12,2025-03-18 10:52:30 CET
47,3,Laura Walker,rwncfe@redacted.io,2024-Apr-28,2025-01-07 22:09:58 CET
48,1,Timothy Green,ifdosgcv@redacted.io,2025-Jan-17,2025-01-25 02:40:00 CET
15,7,Cynthia Moore,zexxssf@sample.org,2021-Sep-11,2025-01-10 09:16:39 CET
49,2,Edward Thompson,sxsrqskpv@redacted.io,2022-Feb-15,2025-01-17 19:30:17 CET
50,1,John Clark,jyoofs@sample.org,2021-Feb-10,2025-02-03 01:26:30 CET
51,9,Paul Adams,gdpwop@example.com,2023-Dec-25,2025-03-16 13:22:26 CET
52,8,Elizabeth Williams,boxqqo@test.com,2021-Aug-10,2025-02-24 05:30:10 CET
53,3,William Baker,wtgyvda@example.com,2023-Mar-06,2025-04-05 14:00:47 CET
26,9,Donna White,zgvcw@test.com,2021-Jul-11,2025-01-08 18:50:14 CET
27,6,Laura Williams,ptkhrckkax@redacted.io,2021-May-01,2025-03-16 17:06:24 CET
54,10,Linda Lee,asnlsjt@redacted.io,2022-Dec-25,2025-02-25 07:44:56 CET
55,10,George Garcia,cnypelo@demo.net,2021-Feb-22,2025-02-11 16:24:31 CET
56,8,Rebecca Moore,yzquso@test.com,2024-Sep-24,2025-03-15 11:13:45 CET
57,5,Cynthia Rivera,bigfym@redacted.io,2023-May-12,2025-03-17 23:50:29 CET
22,5,Mark Allen,iurwkr@demo.net,2022-Dec-26,2025-03-10 16:15:28 CET
58,1,Joshua Baker,oigvbhryin@example.com,2024-May-29,2025-02-12 22:51:17 CET
59,9,Rebecca Thompson,hfkdt@test.com,2024-May-29,2025-02-12 08:57:22 CET
60,8,Mary Torres,lwvzod@sample.org,2022-Aug-01,2025-03-05 21:10:11 CET
61,8,Charles Jones,kczhyoky@demo.net,2023-Dec-09,2025-01-15 00:05:28 CET
62,1,George Wright,pvmygag@sample.org,2020-Dec-04,2025-02-21 23:59:48 CET
63,4,Amanda Williams,qwbvyunoh@sample.org,2022-Dec-27,2025-03-11 12:00:40 CET
64,3,Paul Campbell,lgtpaibz@test.com,2024-Feb-08,2025-02-25 19:21:52 CET
65,1,Susan Hall,imvwytar@test.com,2021-Mar-08,2025-02-08 09:01:18 CET
66,3,Susan Williams,rfrkydbk@test.com,2023-Oct-20,2025-01-22 06:24:11 CET
67,8,Linda Taylor,ceetvl@demo.net,2022-Apr-03,2025-02-21 08:49:03 CET
68,5,Robert Hernandez,ghcglblbo@sample.org,2021-Mar-22,2025-01-28 03:24:31 CET
69,9,Steven Jackson,mzparzpfvu@demo.net,2022-Jun-02,2025-02-04 03:26:56 CET
70,4,Mary Mitchell,ltroesahk@demo.net,2024-Feb-09,2025-04-02 13:14:13 CET
71,2,Sandra Lee,tlnxnzsxk@test.com,2022-Sep-23,2025-02-07 10:49:02 CET
20,4,Margaret Moore,fsmulqg@demo.net,2022-Aug-01,2025-02-09 13:34:42 CET
72,5,Matthew Mitchell,coakukikhi@demo.net,2023-Mar-06,2025-01-14 18:50:45 CET
22,9,Thomas Thomas,mujzi@redacted.io,2023-May-29,2025-03-29 17:08:37 CET
73,1,Donna White,okiurkl@sample.org,2022-Mar-15,2025-01-19 14:04:23 CET
74,8,Elizabeth Walker,brruqunvq@redacted.io,2024-May-29,2025-04-06 06:29:46 CET
75,5,George Thomas,hpoyavsx@demo.net,2020-Dec-02,2025-03-05 18:57:14 CET
76,4,Ryan Davis,ymihfbild@redacted.io,2020-Dec-07,2025-03-17 08:12:49 CET
77,4,Matthew Roberts,lpopmmj@redacted.io,2022-Nov-09,2025-01-08 01:28:34 CET
32,8,Nancy King,ywshbmbjua@example.com,2022-Nov-20,2025-02-15 08:24:35 CET
78,5,Joshua Rivera,wwkhlfaqtd@example.com,2024-Jun-26,2025-02-13 23:44:33 CET
79,3,Jessica Young,woqekiiewk@redacted.io,2022-Jun-18,2025-03-18 11:34:56 CET
80,10,Patricia Ramirez,olecmtpwmu@redacted.io,2023-Oct-21,2025-01-25 08:22:51 CET
81,8,Mark Robinson,xwtyfvgtz@demo.net,2024-Sep-25,2025-03-05 13:11:24 CET
82,4,Mary Wright,oappv@sample.org,2023-Jul-22,2025-02-04 03:11:10 CET
83,5,Matthew Clark,lesunfcck@example.com,2025-Feb-20,2025-02-08 23:42:35 CET
84,7,Paul Jackson,shmkjwuvpo@example.com,2020-May-31,2025-01-29 20:02:43 CET
85,9,Anthony Taylor,twlmltzvr@example.com,2021-Nov-26,2025-03-20 19:08:24 CET
86,5,Susan Hernandez,hdkrimr@sample.org,2021-Aug-10,2025-04-05 07:30:05 CET
87,4,Thomas Adams,mnddsn@example.com,2020-Dec-03,2025-03-30 06:14:01 CET
